--liquibase formatted sql

--changeset Razumava_M:20210504-1
CREATE TABLE ROLE
(
    ID          VARCHAR(36) NOT NULL,
    NAME        VARCHAR(100),
    DESCRIPTION VARCHAR(1000),
    CONSTRAINT ROLE_PK PRIMARY KEY (ID)
);

--changeset Razumava_M:20210504-2
CREATE TABLE PERMISSION
(
    ID          VARCHAR(36) NOT NULL,
    NAME        VARCHAR(100),
    DESCRIPTION VARCHAR(1000),
    CONSTRAINT PERMISSION_PK PRIMARY KEY (ID)
);

--changeset Razumava_M:20210504-3
CREATE TABLE ROLE_PERMISSION
(
    ID            VARCHAR(36) NOT NULL,
    PERMISSION_ID VARCHAR(36),
    ROLE_ID       VARCHAR(36),
    CONSTRAINT ROLE_PERMISSION_PK PRIMARY KEY (ID)
);
--changeset Razumava_M:20210504-4
INSERT INTO PERMISSION (ID, NAME, DESCRIPTION)
VALUES ('ed417b91-abae-40ac-be0f-49d6e4e25c81', 'READ_DATA', 'Allows access data (people, units, departments)');

--changeset Razumava_M:20210504-5
INSERT INTO PERMISSION (ID, NAME, DESCRIPTION)
VALUES ('65344a4e-7da9-4340-8fa9-05e1c2909ed2', 'EDIT_DATA', 'Allows editing data (people, units, departments)');

--changeset Razumava_M:20210504-6
INSERT INTO PERMISSION (ID, NAME, DESCRIPTION)
VALUES ('ad2e7136-ba50-467c-960d-627483010601', 'READ_PAYMENTS', 'Allows access data about payments');

--changeset Razumava_M:20210504-7
INSERT INTO PERMISSION (ID, NAME, DESCRIPTION)
VALUES ('85401530-e4aa-4ca8-b358-2acd74e8d574', 'EDIT_PAYMENTS', 'Allows editing data about payments');

--changeset Razumava_M:20210504-8
INSERT INTO ROLE (ID, NAME, DESCRIPTION)
VALUES ('6e1e178a-7521-40d0-8f02-d48437fee0fb', 'ADMIN', 'ADMIN');

--changeset Razumava_M:20210504-9
INSERT INTO ROLE(ID, NAME, DESCRIPTION)
VALUES ('67a141fa-1bb6-4ea8-b441-6a9003a7abbd', 'MANAGER', 'MANAGER');

--changeset Razumava_M:20210504-10
INSERT INTO ROLE(ID, NAME, DESCRIPTION)
VALUES ('41d596dc-5ac0-4224-a037-b9d5075031b8', 'USER', 'USER');

--changeset Razumava_M:20210504-11
INSERT INTO ROLE_PERMISSION(ID, PERMISSION_ID, ROLE_ID)
VALUES ('4177a9d5-9e2e-4112-877c-8defa75a9ecd', 'ed417b91-abae-40ac-be0f-49d6e4e25c81',
        '6e1e178a-7521-40d0-8f02-d48437fee0fb');

--changeset Razumava_M:20210504-12
INSERT INTO ROLE_PERMISSION(ID, PERMISSION_ID, ROLE_ID)
VALUES ('8d43ed1f-2ec2-4158-8ed0-f1cd247a312b', 'ed417b91-abae-40ac-be0f-49d6e4e25c81',
        '67a141fa-1bb6-4ea8-b441-6a9003a7abbd');

--changeset Razumava_M:20210504-13
INSERT INTO ROLE_PERMISSION(ID, PERMISSION_ID, ROLE_ID)
VALUES ('8d43ed1f-2ec2-4158-8ed0-f1cd247a312b', 'ed417b91-abae-40ac-be0f-49d6e4e25c81',
        '41d596dc-5ac0-4224-a037-b9d5075031b8');

--changeset Razumava_M:20210504-14
INSERT INTO ROLE_PERMISSION(ID, PERMISSION_ID, ROLE_ID)
VALUES ('4177a9d5-9e2e-4112-877c-8defa75a9ecd', '65344a4e-7da9-4340-8fa9-05e1c2909ed2',
        '6e1e178a-7521-40d0-8f02-d48437fee0fb');

--changeset Razumava_M:20210504-15
INSERT INTO ROLE_PERMISSION(ID, PERMISSION_ID, ROLE_ID)
VALUES ('4177a9d5-9e2e-4112-877c-8defa75a9ecd', 'ad2e7136-ba50-467c-960d-627483010601',
        '6e1e178a-7521-40d0-8f02-d48437fee0fb');

--changeset Razumava_M:20210504-16
INSERT INTO ROLE_PERMISSION(ID, PERMISSION_ID, ROLE_ID)
VALUES ('8d43ed1f-2ec2-4158-8ed0-f1cd247a312b', 'ad2e7136-ba50-467c-960d-627483010601',
        '67a141fa-1bb6-4ea8-b441-6a9003a7abbd');

--changeset Razumava_M:20210504-17
INSERT INTO ROLE_PERMISSION(ID, PERMISSION_ID, ROLE_ID)
VALUES ('4177a9d5-9e2e-4112-877c-8defa75a9ecd', '85401530-e4aa-4ca8-b358-2acd74e8d574',
        '6e1e178a-7521-40d0-8f02-d48437fee0fb');